<?xml version="1.0" encoding="UTF-8"?>
<company>
  <employees>
    <employee>
      <id>1</id>
      <name>John Doe</name>
      <position>Software Engineer</position>
      <department>Engineering</department>
    </employee>

    <employee>
      <id>2</id>
      <name>Steven Broad</name>
      <position>IT Engineer</position>
      <department>Engineering</department>
    </employee>

    <employee>
      <id>3</id>
      <name>Jane Warner</name>
      <position>Software Engineer</position>
      <department>Engineering</department>
    </employee>
  </employees>
</company>
  
  